"event.count","analyte_abbr","treatment","block","method.name","result"
"Irrigation 1","NO3","CT",1,"Low-Cost Sampler",7.15273223072492
"Irrigation 2","NO3","CT",1,"Low-Cost Sampler",7.61821331383124
"Irrigation 3","NO3","CT",1,"Low-Cost Sampler",7.28676292659053
"Irrigation 4","NO3","CT",1,"Low-Cost Sampler",5.08235646774799
"Irrigation 5","NO3","CT",1,"Low-Cost Sampler",7.27166356928285
"Irrigation 1","NO2","CT",1,"Low-Cost Sampler",0.0701760065222922
"Irrigation 2","NO2","CT",1,"Low-Cost Sampler",0.0643807045620603
"Irrigation 3","NO2","CT",1,"Low-Cost Sampler",0.0747193550135046
"Irrigation 4","NO2","CT",1,"Low-Cost Sampler",0.0740127708424319
"Irrigation 5","NO2","CT",1,"Low-Cost Sampler",0.0713351027306868
"Irrigation 1","TKN","CT",1,"Low-Cost Sampler",0.670107953052191
"Irrigation 2","TKN","CT",1,"Low-Cost Sampler",1.27295079047218
"Irrigation 3","TKN","CT",1,"Low-Cost Sampler",6.21623678436729
"Irrigation 4","TKN","CT",1,"Low-Cost Sampler",-1.53849794614253
"Irrigation 5","TKN","CT",1,"Low-Cost Sampler",3.10645004077647
"Irrigation 1","pH","CT",1,"Low-Cost Sampler",5.5016063756952
"Irrigation 2","pH","CT",1,"Low-Cost Sampler",5.52483540253596
"Irrigation 3","pH","CT",1,"Low-Cost Sampler",5.64505792932549
"Irrigation 4","pH","CT",1,"Low-Cost Sampler",5.63443918382461
"Irrigation 5","pH","CT",1,"Low-Cost Sampler",5.6901144981671
"Irrigation 1","TP","CT",1,"Low-Cost Sampler",0.719567364201208
"Irrigation 2","TP","CT",1,"Low-Cost Sampler",0.525929448590508
"Irrigation 3","TP","CT",1,"Low-Cost Sampler",0.702837039998007
"Irrigation 4","TP","CT",1,"Low-Cost Sampler",0.612584601473173
"Irrigation 5","TP","CT",1,"Low-Cost Sampler",0.791165901182828
"Irrigation 1","OP","CT",1,"Low-Cost Sampler",0.200419496496477
"Irrigation 2","OP","CT",1,"Low-Cost Sampler",0.21901279710899
"Irrigation 3","OP","CT",1,"Low-Cost Sampler",0.223734935770115
"Irrigation 4","OP","CT",1,"Low-Cost Sampler",0.125893329126853
"Irrigation 5","OP","CT",1,"Low-Cost Sampler",0.236294757435556
"Irrigation 1","EC","CT",1,"Low-Cost Sampler",0.116933701774271
"Irrigation 2","EC","CT",1,"Low-Cost Sampler",0.120571997712197
"Irrigation 3","EC","CT",1,"Low-Cost Sampler",0.120283582090136
"Irrigation 4","EC","CT",1,"Low-Cost Sampler",0.107942355514523
"Irrigation 5","EC","CT",1,"Low-Cost Sampler",0.115242545515678
"Irrigation 1","TSS","CT",1,"Low-Cost Sampler",778.691358897711
"Irrigation 2","TSS","CT",1,"Low-Cost Sampler",1142.35665103187
"Irrigation 3","TSS","CT",1,"Low-Cost Sampler",680.591321593984
"Irrigation 4","TSS","CT",1,"Low-Cost Sampler",438.971391451567
"Irrigation 5","TSS","CT",1,"Low-Cost Sampler",951.885512588974
"Irrigation 1","TDS","CT",1,"Low-Cost Sampler",336.254299366088
"Irrigation 2","TDS","CT",1,"Low-Cost Sampler",430.090806474424
"Irrigation 3","TDS","CT",1,"Low-Cost Sampler",381.558890620713
"Irrigation 4","TDS","CT",1,"Low-Cost Sampler",363.443023234618
"Irrigation 5","TDS","CT",1,"Low-Cost Sampler",409.442533094147
"Irrigation 1","NO3","MT",1,"Low-Cost Sampler",6.25581423880557
"Irrigation 2","NO3","MT",1,"Low-Cost Sampler",6.81891579932865
"Irrigation 3","NO3","MT",1,"Low-Cost Sampler",4.44673538219392
"Irrigation 4","NO3","MT",1,"Low-Cost Sampler",4.14515424062006
"Irrigation 5","NO3","MT",1,"Low-Cost Sampler",5.85711277309701
"Irrigation 1","NO2","MT",1,"Low-Cost Sampler",0.0751387575498318
"Irrigation 2","NO2","MT",1,"Low-Cost Sampler",0.0638982299625724
"Irrigation 3","NO2","MT",1,"Low-Cost Sampler",0.0874911911961392
"Irrigation 4","NO2","MT",1,"Low-Cost Sampler",0.0853387256449092
"Irrigation 5","NO2","MT",1,"Low-Cost Sampler",0.0894452255941248
"Irrigation 1","TKN","MT",1,"Low-Cost Sampler",10.3754431617092
"Irrigation 2","TKN","MT",1,"Low-Cost Sampler",7.99635700999066
"Irrigation 3","TKN","MT",1,"Low-Cost Sampler",3.46560372066072
"Irrigation 4","TKN","MT",1,"Low-Cost Sampler",5.46624395519686
"Irrigation 5","TKN","MT",1,"Low-Cost Sampler",10.2696233977823
"Irrigation 1","pH","MT",1,"Low-Cost Sampler",5.6531506708131
"Irrigation 2","pH","MT",1,"Low-Cost Sampler",5.67067303588276
"Irrigation 3","pH","MT",1,"Low-Cost Sampler",5.7106465351597
"Irrigation 4","pH","MT",1,"Low-Cost Sampler",5.7069206884665
"Irrigation 5","pH","MT",1,"Low-Cost Sampler",5.59970821770086
"Irrigation 1","TP","MT",1,"Low-Cost Sampler",0.713838600005713
"Irrigation 2","TP","MT",1,"Low-Cost Sampler",0.494633480668739
"Irrigation 3","TP","MT",1,"Low-Cost Sampler",0.49659183033023
"Irrigation 4","TP","MT",1,"Low-Cost Sampler",0.593290057199462
"Irrigation 5","TP","MT",1,"Low-Cost Sampler",0.618875847895518
"Irrigation 1","OP","MT",1,"Low-Cost Sampler",0.130039680549212
"Irrigation 2","OP","MT",1,"Low-Cost Sampler",0.196906755067778
"Irrigation 3","OP","MT",1,"Low-Cost Sampler",0.24332902972421
"Irrigation 4","OP","MT",1,"Low-Cost Sampler",0.235104263172049
"Irrigation 5","OP","MT",1,"Low-Cost Sampler",0.19416659113709
"Irrigation 1","EC","MT",1,"Low-Cost Sampler",0.108573888759616
"Irrigation 2","EC","MT",1,"Low-Cost Sampler",0.118906695197109
"Irrigation 3","EC","MT",1,"Low-Cost Sampler",0.129138594018117
"Irrigation 4","EC","MT",1,"Low-Cost Sampler",0.11708039303605
"Irrigation 5","EC","MT",1,"Low-Cost Sampler",0.129662411077794
"Irrigation 1","TSS","MT",1,"Low-Cost Sampler",574.717316312313
"Irrigation 2","TSS","MT",1,"Low-Cost Sampler",1062.09090771545
"Irrigation 3","TSS","MT",1,"Low-Cost Sampler",749.585190711083
"Irrigation 4","TSS","MT",1,"Low-Cost Sampler",779.606096110157
"Irrigation 5","TSS","MT",1,"Low-Cost Sampler",708.840175262829
"Irrigation 1","TDS","MT",1,"Low-Cost Sampler",372.090721699974
"Irrigation 2","TDS","MT",1,"Low-Cost Sampler",473.163525431616
"Irrigation 3","TDS","MT",1,"Low-Cost Sampler",395.600477193505
"Irrigation 4","TDS","MT",1,"Low-Cost Sampler",422.447495292884
"Irrigation 5","TDS","MT",1,"Low-Cost Sampler",433.131315300375
"Irrigation 1","NO3","ST",1,"Low-Cost Sampler",6.08298628982891
"Irrigation 2","NO3","ST",1,"Low-Cost Sampler",5.28197013454858
"Irrigation 3","NO3","ST",1,"Low-Cost Sampler",7.00232957839654
"Irrigation 4","NO3","ST",1,"Low-Cost Sampler",3.47529001903346
"Irrigation 5","NO3","ST",1,"Low-Cost Sampler",6.42839299247723
"Irrigation 1","NO2","ST",1,"Low-Cost Sampler",0.0864255574118011
"Irrigation 2","NO2","ST",1,"Low-Cost Sampler",0.0822883695849108
"Irrigation 3","NO2","ST",1,"Low-Cost Sampler",0.0909578430155175
"Irrigation 4","NO2","ST",1,"Low-Cost Sampler",0.0699083854417941
"Irrigation 5","NO2","ST",1,"Low-Cost Sampler",0.0819247994025198
"Irrigation 1","TKN","ST",1,"Low-Cost Sampler",5.97715276500137
"Irrigation 2","TKN","ST",1,"Low-Cost Sampler",3.09243946422661
"Irrigation 3","TKN","ST",1,"Low-Cost Sampler",3.51655949164191
"Irrigation 4","TKN","ST",1,"Low-Cost Sampler",2.5330464829034
"Irrigation 5","TKN","ST",1,"Low-Cost Sampler",-1.91046885577375
"Irrigation 1","pH","ST",1,"Low-Cost Sampler",5.57574609710696
"Irrigation 2","pH","ST",1,"Low-Cost Sampler",5.70671387403302
"Irrigation 3","pH","ST",1,"Low-Cost Sampler",5.63162139080656
"Irrigation 4","pH","ST",1,"Low-Cost Sampler",5.46578458080067
"Irrigation 5","pH","ST",1,"Low-Cost Sampler",5.55086814058092
"Irrigation 1","TP","ST",1,"Low-Cost Sampler",0.695365001023753
"Irrigation 2","TP","ST",1,"Low-Cost Sampler",0.48080407982849
"Irrigation 3","TP","ST",1,"Low-Cost Sampler",0.661984892808737
"Irrigation 4","TP","ST",1,"Low-Cost Sampler",0.7620486251229
"Irrigation 5","TP","ST",1,"Low-Cost Sampler",0.354325483844198
"Irrigation 1","OP","ST",1,"Low-Cost Sampler",0.197253436156844
"Irrigation 2","OP","ST",1,"Low-Cost Sampler",0.197569437479702
"Irrigation 3","OP","ST",1,"Low-Cost Sampler",0.383638554418635
"Irrigation 4","OP","ST",1,"Low-Cost Sampler",0.261540157176306
"Irrigation 5","OP","ST",1,"Low-Cost Sampler",0.223916164908955
"Irrigation 1","EC","ST",1,"Low-Cost Sampler",0.120971354910799
"Irrigation 2","EC","ST",1,"Low-Cost Sampler",0.126435356834115
"Irrigation 3","EC","ST",1,"Low-Cost Sampler",0.122964858779646
"Irrigation 4","EC","ST",1,"Low-Cost Sampler",0.104691792902018
"Irrigation 5","EC","ST",1,"Low-Cost Sampler",0.11041114207959
"Irrigation 1","TSS","ST",1,"Low-Cost Sampler",1045.90957250133
"Irrigation 2","TSS","ST",1,"Low-Cost Sampler",872.591495648697
"Irrigation 3","TSS","ST",1,"Low-Cost Sampler",1063.10263890509
"Irrigation 4","TSS","ST",1,"Low-Cost Sampler",321.295389647703
"Irrigation 5","TSS","ST",1,"Low-Cost Sampler",875.454425070082
"Irrigation 1","TDS","ST",1,"Low-Cost Sampler",363.264693236378
"Irrigation 2","TDS","ST",1,"Low-Cost Sampler",447.2909926195
"Irrigation 3","TDS","ST",1,"Low-Cost Sampler",415.932714033675
"Irrigation 4","TDS","ST",1,"Low-Cost Sampler",332.663884669384
"Irrigation 5","TDS","ST",1,"Low-Cost Sampler",413.565557123005
"Irrigation 1","NO3","CT",2,"Low-Cost Sampler",6.73166280611595
"Irrigation 2","NO3","CT",2,"Low-Cost Sampler",6.73201107070683
"Irrigation 3","NO3","CT",2,"Low-Cost Sampler",6.22925145825226
"Irrigation 4","NO3","CT",2,"Low-Cost Sampler",5.15871776687164
"Irrigation 5","NO3","CT",2,"Low-Cost Sampler",7.4175148637766
"Irrigation 1","NO2","CT",2,"Low-Cost Sampler",0.090651175469713
"Irrigation 2","NO2","CT",2,"Low-Cost Sampler",0.0962129742167839
"Irrigation 3","NO2","CT",2,"Low-Cost Sampler",0.0683658754912653
"Irrigation 4","NO2","CT",2,"Low-Cost Sampler",0.0832175023574972
"Irrigation 5","NO2","CT",2,"Low-Cost Sampler",0.0701832503992451
"Irrigation 1","TKN","CT",2,"Low-Cost Sampler",5.91283876657216
"Irrigation 2","TKN","CT",2,"Low-Cost Sampler",-2.34239824184977
"Irrigation 3","TKN","CT",2,"Low-Cost Sampler",2.8693879728464
"Irrigation 4","TKN","CT",2,"Low-Cost Sampler",7.26464543788274
"Irrigation 5","TKN","CT",2,"Low-Cost Sampler",0.925334721718993
"Irrigation 1","pH","CT",2,"Low-Cost Sampler",5.66168821456387
"Irrigation 2","pH","CT",2,"Low-Cost Sampler",5.60034353580781
"Irrigation 3","pH","CT",2,"Low-Cost Sampler",5.63794367492797
"Irrigation 4","pH","CT",2,"Low-Cost Sampler",5.57173559260937
"Irrigation 5","pH","CT",2,"Low-Cost Sampler",5.54802797502217
"Irrigation 1","TP","CT",2,"Low-Cost Sampler",0.725855469231711
"Irrigation 2","TP","CT",2,"Low-Cost Sampler",0.741779081367891
"Irrigation 3","TP","CT",2,"Low-Cost Sampler",0.46929478263049
"Irrigation 4","TP","CT",2,"Low-Cost Sampler",0.777674236253292
"Irrigation 5","TP","CT",2,"Low-Cost Sampler",0.644378924796323
"Irrigation 1","OP","CT",2,"Low-Cost Sampler",0.217939130122104
"Irrigation 2","OP","CT",2,"Low-Cost Sampler",0.232838292146118
"Irrigation 3","OP","CT",2,"Low-Cost Sampler",0.198713613980882
"Irrigation 4","OP","CT",2,"Low-Cost Sampler",0.258962196195291
"Irrigation 5","OP","CT",2,"Low-Cost Sampler",0.243099162744962
"Irrigation 1","EC","CT",2,"Low-Cost Sampler",0.128167621177033
"Irrigation 2","EC","CT",2,"Low-Cost Sampler",0.12753327087492
"Irrigation 3","EC","CT",2,"Low-Cost Sampler",0.115417686965766
"Irrigation 4","EC","CT",2,"Low-Cost Sampler",0.116933420175381
"Irrigation 5","EC","CT",2,"Low-Cost Sampler",0.132859588721805
"Irrigation 1","TSS","CT",2,"Low-Cost Sampler",792.477823141343
"Irrigation 2","TSS","CT",2,"Low-Cost Sampler",768.191422138592
"Irrigation 3","TSS","CT",2,"Low-Cost Sampler",653.106348990202
"Irrigation 4","TSS","CT",2,"Low-Cost Sampler",960.567384894994
"Irrigation 5","TSS","CT",2,"Low-Cost Sampler",890.38015473026
"Irrigation 1","TDS","CT",2,"Low-Cost Sampler",464.064507672494
"Irrigation 2","TDS","CT",2,"Low-Cost Sampler",434.300293580953
"Irrigation 3","TDS","CT",2,"Low-Cost Sampler",445.77351132766
"Irrigation 4","TDS","CT",2,"Low-Cost Sampler",452.315864108573
"Irrigation 5","TDS","CT",2,"Low-Cost Sampler",374.874678164584
"Irrigation 1","NO3","MT",2,"Low-Cost Sampler",4.50256924576537
"Irrigation 2","NO3","MT",2,"Low-Cost Sampler",7.48202476893254
"Irrigation 3","NO3","MT",2,"Low-Cost Sampler",5.3624656902555
"Irrigation 4","NO3","MT",2,"Low-Cost Sampler",6.77428627256574
"Irrigation 5","NO3","MT",2,"Low-Cost Sampler",4.72742679710367
"Irrigation 1","NO2","MT",2,"Low-Cost Sampler",0.0895084063582067
"Irrigation 2","NO2","MT",2,"Low-Cost Sampler",0.0710990618396689
"Irrigation 3","NO2","MT",2,"Low-Cost Sampler",0.0649024379161841
"Irrigation 4","NO2","MT",2,"Low-Cost Sampler",0.0797031790269619
"Irrigation 5","NO2","MT",2,"Low-Cost Sampler",0.0745853727887108
"Irrigation 1","TKN","MT",2,"Low-Cost Sampler",1.98268849213044
"Irrigation 2","TKN","MT",2,"Low-Cost Sampler",-1.01995532115128
"Irrigation 3","TKN","MT",2,"Low-Cost Sampler",5.76339244549578
"Irrigation 4","TKN","MT",2,"Low-Cost Sampler",-2.46663752334655
"Irrigation 5","TKN","MT",2,"Low-Cost Sampler",9.48139141034104
"Irrigation 1","pH","MT",2,"Low-Cost Sampler",5.62885568177798
"Irrigation 2","pH","MT",2,"Low-Cost Sampler",5.55469755257711
"Irrigation 3","pH","MT",2,"Low-Cost Sampler",5.73362492691391
"Irrigation 4","pH","MT",2,"Low-Cost Sampler",5.81906728025401
"Irrigation 5","pH","MT",2,"Low-Cost Sampler",5.66075813873588
"Irrigation 1","TP","MT",2,"Low-Cost Sampler",0.740845218801327
"Irrigation 2","TP","MT",2,"Low-Cost Sampler",0.693485966775528
"Irrigation 3","TP","MT",2,"Low-Cost Sampler",0.414624501058723
"Irrigation 4","TP","MT",2,"Low-Cost Sampler",0.666198870220812
"Irrigation 5","TP","MT",2,"Low-Cost Sampler",0.509824134385242
"Irrigation 1","OP","MT",2,"Low-Cost Sampler",0.332184376359873
"Irrigation 2","OP","MT",2,"Low-Cost Sampler",0.241659705507272
"Irrigation 3","OP","MT",2,"Low-Cost Sampler",0.228049466947883
"Irrigation 4","OP","MT",2,"Low-Cost Sampler",0.208922680648838
"Irrigation 5","OP","MT",2,"Low-Cost Sampler",0.305013131411977
"Irrigation 1","EC","MT",2,"Low-Cost Sampler",0.103552039920163
"Irrigation 2","EC","MT",2,"Low-Cost Sampler",0.141217805293593
"Irrigation 3","EC","MT",2,"Low-Cost Sampler",0.126574000408098
"Irrigation 4","EC","MT",2,"Low-Cost Sampler",0.118742783925083
"Irrigation 5","EC","MT",2,"Low-Cost Sampler",0.130069014145976
"Irrigation 1","TSS","MT",2,"Low-Cost Sampler",975.318741301284
"Irrigation 2","TSS","MT",2,"Low-Cost Sampler",892.18238865076
"Irrigation 3","TSS","MT",2,"Low-Cost Sampler",583.182383219287
"Irrigation 4","TSS","MT",2,"Low-Cost Sampler",1240.20475106239
"Irrigation 5","TSS","MT",2,"Low-Cost Sampler",634.212171309606
"Irrigation 1","TDS","MT",2,"Low-Cost Sampler",403.600630082058
"Irrigation 2","TDS","MT",2,"Low-Cost Sampler",368.371897696012
"Irrigation 3","TDS","MT",2,"Low-Cost Sampler",415.846194480022
"Irrigation 4","TDS","MT",2,"Low-Cost Sampler",379.504927421101
"Irrigation 5","TDS","MT",2,"Low-Cost Sampler",496.803948699492
"Irrigation 1","NO3","ST",2,"Low-Cost Sampler",7.74599542728361
"Irrigation 2","NO3","ST",2,"Low-Cost Sampler",5.61061260769805
"Irrigation 3","NO3","ST",2,"Low-Cost Sampler",5.3462594517678
"Irrigation 4","NO3","ST",2,"Low-Cost Sampler",6.34605649808842
"Irrigation 5","NO3","ST",2,"Low-Cost Sampler",7.95890819271362
"Irrigation 1","NO2","ST",2,"Low-Cost Sampler",0.0685264303900949
"Irrigation 2","NO2","ST",2,"Low-Cost Sampler",0.0715344490377207
"Irrigation 3","NO2","ST",2,"Low-Cost Sampler",0.0719436721611078
"Irrigation 4","NO2","ST",2,"Low-Cost Sampler",0.0945527050683825
"Irrigation 5","NO2","ST",2,"Low-Cost Sampler",0.0812399348672835
"Irrigation 1","TKN","ST",2,"Low-Cost Sampler",9.73689050293506
"Irrigation 2","TKN","ST",2,"Low-Cost Sampler",-2.25292849862454
"Irrigation 3","TKN","ST",2,"Low-Cost Sampler",6.87922229499764
"Irrigation 4","TKN","ST",2,"Low-Cost Sampler",1.81437109246177
"Irrigation 5","TKN","ST",2,"Low-Cost Sampler",4.20356123434978
"Irrigation 1","pH","ST",2,"Low-Cost Sampler",5.57359382782345
"Irrigation 2","pH","ST",2,"Low-Cost Sampler",5.64159788289034
"Irrigation 3","pH","ST",2,"Low-Cost Sampler",5.45502780897632
"Irrigation 4","pH","ST",2,"Low-Cost Sampler",5.46710487243433
"Irrigation 5","pH","ST",2,"Low-Cost Sampler",5.67723149368266
"Irrigation 1","TP","ST",2,"Low-Cost Sampler",0.468793118858163
"Irrigation 2","TP","ST",2,"Low-Cost Sampler",0.736601493057751
"Irrigation 3","TP","ST",2,"Low-Cost Sampler",0.562865930362007
"Irrigation 4","TP","ST",2,"Low-Cost Sampler",0.578656637247248
"Irrigation 5","TP","ST",2,"Low-Cost Sampler",0.65626387359749
"Irrigation 1","OP","ST",2,"Low-Cost Sampler",0.286228192650423
"Irrigation 2","OP","ST",2,"Low-Cost Sampler",0.176875020393782
"Irrigation 3","OP","ST",2,"Low-Cost Sampler",0.234323853945716
"Irrigation 4","OP","ST",2,"Low-Cost Sampler",0.304257948996758
"Irrigation 5","OP","ST",2,"Low-Cost Sampler",0.288284166988978
"Irrigation 1","EC","ST",2,"Low-Cost Sampler",0.129169316412691
"Irrigation 2","EC","ST",2,"Low-Cost Sampler",0.126122708153237
"Irrigation 3","EC","ST",2,"Low-Cost Sampler",0.110305072682148
"Irrigation 4","EC","ST",2,"Low-Cost Sampler",0.106020428033879
"Irrigation 5","EC","ST",2,"Low-Cost Sampler",0.123982851452948
"Irrigation 1","TSS","ST",2,"Low-Cost Sampler",680.248182364331
"Irrigation 2","TSS","ST",2,"Low-Cost Sampler",876.681898620928
"Irrigation 3","TSS","ST",2,"Low-Cost Sampler",834.851398378575
"Irrigation 4","TSS","ST",2,"Low-Cost Sampler",530.235857311285
"Irrigation 5","TSS","ST",2,"Low-Cost Sampler",796.140126295667
"Irrigation 1","TDS","ST",2,"Low-Cost Sampler",362.477084459198
"Irrigation 2","TDS","ST",2,"Low-Cost Sampler",465.348865273492
"Irrigation 3","TDS","ST",2,"Low-Cost Sampler",397.277119052752
"Irrigation 4","TDS","ST",2,"Low-Cost Sampler",374.710087550632
"Irrigation 5","TDS","ST",2,"Low-Cost Sampler",427.374241442329
"Irrigation 1","NO3","CT",1,"Grab Sample",6.80307110903918
"Irrigation 2","NO3","CT",1,"Grab Sample",6.79106696542332
"Irrigation 3","NO3","CT",1,"Grab Sample",7.44552555340491
"Irrigation 4","NO3","CT",1,"Grab Sample",7.27467487884648
"Irrigation 5","NO3","CT",1,"Grab Sample",8.70735308191442
"Irrigation 1","NO2","CT",1,"Grab Sample",0.116654024682186
"Irrigation 2","NO2","CT",1,"Grab Sample",0.123782290304038
"Irrigation 3","NO2","CT",1,"Grab Sample",0.111070829224752
"Irrigation 4","NO2","CT",1,"Grab Sample",0.0915300956996117
"Irrigation 5","NO2","CT",1,"Grab Sample",0.105246954301761
"Irrigation 1","TKN","CT",1,"Grab Sample",0.43582805077635
"Irrigation 2","TKN","CT",1,"Grab Sample",4.54248804829234
"Irrigation 3","TKN","CT",1,"Grab Sample",0.227574776012776
"Irrigation 4","TKN","CT",1,"Grab Sample",10.1169821940719
"Irrigation 5","TKN","CT",1,"Grab Sample",6.57619551241927
"Irrigation 1","pH","CT",1,"Grab Sample",6.88599179057191
"Irrigation 2","pH","CT",1,"Grab Sample",6.95580884394377
"Irrigation 3","pH","CT",1,"Grab Sample",6.88655659057212
"Irrigation 4","pH","CT",1,"Grab Sample",7.00718030637669
"Irrigation 5","pH","CT",1,"Grab Sample",7.0424891475719
"Irrigation 1","TP","CT",1,"Grab Sample",0.782553067641039
"Irrigation 2","TP","CT",1,"Grab Sample",0.88738298551137
"Irrigation 3","TP","CT",1,"Grab Sample",0.774072870401214
"Irrigation 4","TP","CT",1,"Grab Sample",0.668412117059014
"Irrigation 5","TP","CT",1,"Grab Sample",0.834696265719946
"Irrigation 1","OP","CT",1,"Grab Sample",0.345978376901145
"Irrigation 2","OP","CT",1,"Grab Sample",0.353024380678804
"Irrigation 3","OP","CT",1,"Grab Sample",0.279722629569029
"Irrigation 4","OP","CT",1,"Grab Sample",0.30759791760388
"Irrigation 5","OP","CT",1,"Grab Sample",0.337045669965803
"Irrigation 1","EC","CT",1,"Grab Sample",0.155088261731353
"Irrigation 2","EC","CT",1,"Grab Sample",0.144833505349206
"Irrigation 3","EC","CT",1,"Grab Sample",0.135292310415492
"Irrigation 4","EC","CT",1,"Grab Sample",0.150605346779361
"Irrigation 5","EC","CT",1,"Grab Sample",0.1518780483492
"Irrigation 1","TSS","CT",1,"Grab Sample",682.931209059587
"Irrigation 2","TSS","CT",1,"Grab Sample",879.65541568552
"Irrigation 3","TSS","CT",1,"Grab Sample",757.245594882573
"Irrigation 4","TSS","CT",1,"Grab Sample",1335.53043305303
"Irrigation 5","TSS","CT",1,"Grab Sample",995.283872877909
"Irrigation 1","TDS","CT",1,"Grab Sample",501.264805917041
"Irrigation 2","TDS","CT",1,"Grab Sample",482.344418734408
"Irrigation 3","TDS","CT",1,"Grab Sample",468.713245153962
"Irrigation 4","TDS","CT",1,"Grab Sample",460.541237695294
"Irrigation 5","TDS","CT",1,"Grab Sample",432.478514757693
"Irrigation 1","NO3","MT",1,"Grab Sample",8.43878952839942
"Irrigation 2","NO3","MT",1,"Grab Sample",8.68373917628998
"Irrigation 3","NO3","MT",1,"Grab Sample",9.14762506805212
"Irrigation 4","NO3","MT",1,"Grab Sample",6.72259625334413
"Irrigation 5","NO3","MT",1,"Grab Sample",8.11031390618826
"Irrigation 1","NO2","MT",1,"Grab Sample",0.0909461372138518
"Irrigation 2","NO2","MT",1,"Grab Sample",0.0952520650715974
"Irrigation 3","NO2","MT",1,"Grab Sample",0.104712517786335
"Irrigation 4","NO2","MT",1,"Grab Sample",0.0892524693180284
"Irrigation 5","NO2","MT",1,"Grab Sample",0.114969582465011
"Irrigation 1","TKN","MT",1,"Grab Sample",0.708875477861625
"Irrigation 2","TKN","MT",1,"Grab Sample",1.54388389891468
"Irrigation 3","TKN","MT",1,"Grab Sample",8.49789034554396
"Irrigation 4","TKN","MT",1,"Grab Sample",0.591189777608824
"Irrigation 5","TKN","MT",1,"Grab Sample",4.33943129904369
"Irrigation 1","pH","MT",1,"Grab Sample",6.99059713589976
"Irrigation 2","pH","MT",1,"Grab Sample",6.98899549748446
"Irrigation 3","pH","MT",1,"Grab Sample",6.88144685579523
"Irrigation 4","pH","MT",1,"Grab Sample",7.17508145195008
"Irrigation 5","pH","MT",1,"Grab Sample",6.95325368821107
"Irrigation 1","TP","MT",1,"Grab Sample",0.81255154378402
"Irrigation 2","TP","MT",1,"Grab Sample",0.765054755137857
"Irrigation 3","TP","MT",1,"Grab Sample",0.968346754495757
"Irrigation 4","TP","MT",1,"Grab Sample",0.961674885514171
"Irrigation 5","TP","MT",1,"Grab Sample",0.874340276696003
"Irrigation 1","OP","MT",1,"Grab Sample",0.295730282818853
"Irrigation 2","OP","MT",1,"Grab Sample",0.299186737172798
"Irrigation 3","OP","MT",1,"Grab Sample",0.297024287507159
"Irrigation 4","OP","MT",1,"Grab Sample",0.338694491004667
"Irrigation 5","OP","MT",1,"Grab Sample",0.314867258280092
"Irrigation 1","EC","MT",1,"Grab Sample",0.149194382617277
"Irrigation 2","EC","MT",1,"Grab Sample",0.146704647913984
"Irrigation 3","EC","MT",1,"Grab Sample",0.135664245598842
"Irrigation 4","EC","MT",1,"Grab Sample",0.155964050564111
"Irrigation 5","EC","MT",1,"Grab Sample",0.149823475740582
"Irrigation 1","TSS","MT",1,"Grab Sample",1004.41274230286
"Irrigation 2","TSS","MT",1,"Grab Sample",1148.69545273123
"Irrigation 3","TSS","MT",1,"Grab Sample",1155.03074877259
"Irrigation 4","TSS","MT",1,"Grab Sample",977.227898563246
"Irrigation 5","TSS","MT",1,"Grab Sample",937.990953030173
"Irrigation 1","TDS","MT",1,"Grab Sample",535.386131360305
"Irrigation 2","TDS","MT",1,"Grab Sample",422.361276998212
"Irrigation 3","TDS","MT",1,"Grab Sample",387.373894061597
"Irrigation 4","TDS","MT",1,"Grab Sample",497.733992614142
"Irrigation 5","TDS","MT",1,"Grab Sample",568.956957712862
"Irrigation 1","NO3","ST",1,"Grab Sample",9.02063020633575
"Irrigation 2","NO3","ST",1,"Grab Sample",7.70237690933857
"Irrigation 3","NO3","ST",1,"Grab Sample",7.05471304078137
"Irrigation 4","NO3","ST",1,"Grab Sample",6.79683401237834
"Irrigation 5","NO3","ST",1,"Grab Sample",8.77823293577622
"Irrigation 1","NO2","ST",1,"Grab Sample",0.12496739167309
"Irrigation 2","NO2","ST",1,"Grab Sample",0.0989800142054058
"Irrigation 3","NO2","ST",1,"Grab Sample",0.0839507852134608
"Irrigation 4","NO2","ST",1,"Grab Sample",0.082922478259005
"Irrigation 5","NO2","ST",1,"Grab Sample",0.100726323960387
"Irrigation 1","TKN","ST",1,"Grab Sample",5.42197679491616
"Irrigation 2","TKN","ST",1,"Grab Sample",8.52078656373053
"Irrigation 3","TKN","ST",1,"Grab Sample",7.32908418468755
"Irrigation 4","TKN","ST",1,"Grab Sample",10.6160574559158
"Irrigation 5","TKN","ST",1,"Grab Sample",2.26728002247818
"Irrigation 1","pH","ST",1,"Grab Sample",7.05507913814313
"Irrigation 2","pH","ST",1,"Grab Sample",7.04987314201394
"Irrigation 3","pH","ST",1,"Grab Sample",6.96243949385347
"Irrigation 4","pH","ST",1,"Grab Sample",6.99959493301094
"Irrigation 5","pH","ST",1,"Grab Sample",6.91786395646385
"Irrigation 1","TP","ST",1,"Grab Sample",0.779725469143115
"Irrigation 2","TP","ST",1,"Grab Sample",0.728178669615101
"Irrigation 3","TP","ST",1,"Grab Sample",0.787329359774755
"Irrigation 4","TP","ST",1,"Grab Sample",0.825156395644709
"Irrigation 5","TP","ST",1,"Grab Sample",0.598545472395807
"Irrigation 1","OP","ST",1,"Grab Sample",0.269520515412497
"Irrigation 2","OP","ST",1,"Grab Sample",0.266783125913377
"Irrigation 3","OP","ST",1,"Grab Sample",0.273606125446737
"Irrigation 4","OP","ST",1,"Grab Sample",0.330858192584196
"Irrigation 5","OP","ST",1,"Grab Sample",0.312172760257872
"Irrigation 1","EC","ST",1,"Grab Sample",0.141003079582542
"Irrigation 2","EC","ST",1,"Grab Sample",0.142733278428828
"Irrigation 3","EC","ST",1,"Grab Sample",0.14569700100401
"Irrigation 4","EC","ST",1,"Grab Sample",0.140472504410001
"Irrigation 5","EC","ST",1,"Grab Sample",0.147378511027145
"Irrigation 1","TSS","ST",1,"Grab Sample",928.669425634632
"Irrigation 2","TSS","ST",1,"Grab Sample",975.21253169147
"Irrigation 3","TSS","ST",1,"Grab Sample",1236.62689199976
"Irrigation 4","TSS","ST",1,"Grab Sample",1049.09171117756
"Irrigation 5","TSS","ST",1,"Grab Sample",1085.56571273349
"Irrigation 1","TDS","ST",1,"Grab Sample",417.740189750784
"Irrigation 2","TDS","ST",1,"Grab Sample",490.982588384038
"Irrigation 3","TDS","ST",1,"Grab Sample",535.809605184715
"Irrigation 4","TDS","ST",1,"Grab Sample",405.397616993078
"Irrigation 5","TDS","ST",1,"Grab Sample",487.983089694459
"Irrigation 1","NO3","CT",2,"Grab Sample",6.78011903403068
"Irrigation 2","NO3","CT",2,"Grab Sample",8.76626302328347
"Irrigation 3","NO3","CT",2,"Grab Sample",9.17363620691319
"Irrigation 4","NO3","CT",2,"Grab Sample",8.71449294841092
"Irrigation 5","NO3","CT",2,"Grab Sample",7.61314257759625
"Irrigation 1","NO2","CT",2,"Grab Sample",0.103539186875954
"Irrigation 2","NO2","CT",2,"Grab Sample",0.0984696252008153
"Irrigation 3","NO2","CT",2,"Grab Sample",0.096354832632867
"Irrigation 4","NO2","CT",2,"Grab Sample",0.0839721968797989
"Irrigation 5","NO2","CT",2,"Grab Sample",0.10737637377762
"Irrigation 1","TKN","CT",2,"Grab Sample",3.46374018040048
"Irrigation 2","TKN","CT",2,"Grab Sample",7.9283489148978
"Irrigation 3","TKN","CT",2,"Grab Sample",8.15890455720819
"Irrigation 4","TKN","CT",2,"Grab Sample",4.50514697361328
"Irrigation 5","TKN","CT",2,"Grab Sample",8.55038191080468
"Irrigation 1","pH","CT",2,"Grab Sample",7.01958843248132
"Irrigation 2","pH","CT",2,"Grab Sample",7.04751491793762
"Irrigation 3","pH","CT",2,"Grab Sample",6.75543013870069
"Irrigation 4","pH","CT",2,"Grab Sample",6.98296978135519
"Irrigation 5","pH","CT",2,"Grab Sample",6.93904618547248
"Irrigation 1","TP","CT",2,"Grab Sample",0.712037586354458
"Irrigation 2","TP","CT",2,"Grab Sample",0.733475018786936
"Irrigation 3","TP","CT",2,"Grab Sample",0.722544007581431
"Irrigation 4","TP","CT",2,"Grab Sample",0.814600824319033
"Irrigation 5","TP","CT",2,"Grab Sample",0.698292876103655
"Irrigation 1","OP","CT",2,"Grab Sample",0.330217550629708
"Irrigation 2","OP","CT",2,"Grab Sample",0.226692932646339
"Irrigation 3","OP","CT",2,"Grab Sample",0.296126639253599
"Irrigation 4","OP","CT",2,"Grab Sample",0.322188734109584
"Irrigation 5","OP","CT",2,"Grab Sample",0.298701830882699
"Irrigation 1","EC","CT",2,"Grab Sample",0.153758091656241
"Irrigation 2","EC","CT",2,"Grab Sample",0.146225206017213
"Irrigation 3","EC","CT",2,"Grab Sample",0.163500115606224
"Irrigation 4","EC","CT",2,"Grab Sample",0.159117891068387
"Irrigation 5","EC","CT",2,"Grab Sample",0.149463447820984
"Irrigation 1","TSS","CT",2,"Grab Sample",863.475904721689
"Irrigation 2","TSS","CT",2,"Grab Sample",1108.39561283288
"Irrigation 3","TSS","CT",2,"Grab Sample",808.005847423644
"Irrigation 4","TSS","CT",2,"Grab Sample",1015.2473584286
"Irrigation 5","TSS","CT",2,"Grab Sample",906.231862833125
"Irrigation 1","TDS","CT",2,"Grab Sample",486.505204439626
"Irrigation 2","TDS","CT",2,"Grab Sample",526.896397214674
"Irrigation 3","TDS","CT",2,"Grab Sample",504.385580721172
"Irrigation 4","TDS","CT",2,"Grab Sample",529.075889816717
"Irrigation 5","TDS","CT",2,"Grab Sample",456.314076210106
"Irrigation 1","NO3","MT",2,"Grab Sample",8.9032363389443
"Irrigation 2","NO3","MT",2,"Grab Sample",7.44689469974293
"Irrigation 3","NO3","MT",2,"Grab Sample",7.8309887304447
"Irrigation 4","NO3","MT",2,"Grab Sample",6.93882811803503
"Irrigation 5","NO3","MT",2,"Grab Sample",9.05081275857386
"Irrigation 1","NO2","MT",2,"Grab Sample",0.100120812864043
"Irrigation 2","NO2","MT",2,"Grab Sample",0.099136134497216
"Irrigation 3","NO2","MT",2,"Grab Sample",0.10991167597572
"Irrigation 4","NO2","MT",2,"Grab Sample",0.0826696601045819
"Irrigation 5","NO2","MT",2,"Grab Sample",0.0855754434374989
"Irrigation 1","TKN","MT",2,"Grab Sample",8.60161430376041
"Irrigation 2","TKN","MT",2,"Grab Sample",3.46411784290031
"Irrigation 3","TKN","MT",2,"Grab Sample",7.26687547659686
"Irrigation 4","TKN","MT",2,"Grab Sample",14.9622114663191
"Irrigation 5","TKN","MT",2,"Grab Sample",5.02996161420274
"Irrigation 1","pH","MT",2,"Grab Sample",7.057315213423
"Irrigation 2","pH","MT",2,"Grab Sample",6.83386743539941
"Irrigation 3","pH","MT",2,"Grab Sample",6.83782465977112
"Irrigation 4","pH","MT",2,"Grab Sample",6.98804406734887
"Irrigation 5","pH","MT",2,"Grab Sample",6.96068379120114
"Irrigation 1","TP","MT",2,"Grab Sample",0.796776090791259
"Irrigation 2","TP","MT",2,"Grab Sample",0.772346296541488
"Irrigation 3","TP","MT",2,"Grab Sample",0.771528797084176
"Irrigation 4","TP","MT",2,"Grab Sample",0.752331570395219
"Irrigation 5","TP","MT",2,"Grab Sample",0.856554495875177
"Irrigation 1","OP","MT",2,"Grab Sample",0.251863818893252
"Irrigation 2","OP","MT",2,"Grab Sample",0.314738905011758
"Irrigation 3","OP","MT",2,"Grab Sample",0.281316914811761
"Irrigation 4","OP","MT",2,"Grab Sample",0.308554263872277
"Irrigation 5","OP","MT",2,"Grab Sample",0.256845433061762
"Irrigation 1","EC","MT",2,"Grab Sample",0.148668844846355
"Irrigation 2","EC","MT",2,"Grab Sample",0.155710704020414
"Irrigation 3","EC","MT",2,"Grab Sample",0.148107415912855
"Irrigation 4","EC","MT",2,"Grab Sample",0.145142865863894
"Irrigation 5","EC","MT",2,"Grab Sample",0.149416909364071
"Irrigation 1","TSS","MT",2,"Grab Sample",1011.96107739993
"Irrigation 2","TSS","MT",2,"Grab Sample",1168.69534572637
"Irrigation 3","TSS","MT",2,"Grab Sample",1254.20950062002
"Irrigation 4","TSS","MT",2,"Grab Sample",943.562967218129
"Irrigation 5","TSS","MT",2,"Grab Sample",703.001043641314
"Irrigation 1","TDS","MT",2,"Grab Sample",510.273573604159
"Irrigation 2","TDS","MT",2,"Grab Sample",508.223143318502
"Irrigation 3","TDS","MT",2,"Grab Sample",574.115652919914
"Irrigation 4","TDS","MT",2,"Grab Sample",596.495938843396
"Irrigation 5","TDS","MT",2,"Grab Sample",473.865634196274
"Irrigation 1","NO3","ST",2,"Grab Sample",8.39245529299949
"Irrigation 2","NO3","ST",2,"Grab Sample",8.44284875980226
"Irrigation 3","NO3","ST",2,"Grab Sample",8.35243517036658
"Irrigation 4","NO3","ST",2,"Grab Sample",8.04125785248033
"Irrigation 5","NO3","ST",2,"Grab Sample",8.04532716807329
"Irrigation 1","NO2","ST",2,"Grab Sample",0.103744804562205
"Irrigation 2","NO2","ST",2,"Grab Sample",0.0997803551172298
"Irrigation 3","NO2","ST",2,"Grab Sample",0.107144359704076
"Irrigation 4","NO2","ST",2,"Grab Sample",0.126071021337372
"Irrigation 5","NO2","ST",2,"Grab Sample",0.097057649379662
"Irrigation 1","TKN","ST",2,"Grab Sample",4.79450806177079
"Irrigation 2","TKN","ST",2,"Grab Sample",1.66619355433463
"Irrigation 3","TKN","ST",2,"Grab Sample",11.161356141759
"Irrigation 4","TKN","ST",2,"Grab Sample",6.06945236204616
"Irrigation 5","TKN","ST",2,"Grab Sample",10.626009211168
"Irrigation 1","pH","ST",2,"Grab Sample",6.73058565272425
"Irrigation 2","pH","ST",2,"Grab Sample",6.94385002219032
"Irrigation 3","pH","ST",2,"Grab Sample",6.86932167702445
"Irrigation 4","pH","ST",2,"Grab Sample",7.0647995479122
"Irrigation 5","pH","ST",2,"Grab Sample",7.01761545829509
"Irrigation 1","TP","ST",2,"Grab Sample",0.687313459339561
"Irrigation 2","TP","ST",2,"Grab Sample",0.881125748845088
"Irrigation 3","TP","ST",2,"Grab Sample",0.864150987787549
"Irrigation 4","TP","ST",2,"Grab Sample",0.761559737745942
"Irrigation 5","TP","ST",2,"Grab Sample",0.746844176433839
"Irrigation 1","OP","ST",2,"Grab Sample",0.407690584821045
"Irrigation 2","OP","ST",2,"Grab Sample",0.272034673690838
"Irrigation 3","OP","ST",2,"Grab Sample",0.317730056104608
"Irrigation 4","OP","ST",2,"Grab Sample",0.281017298220267
"Irrigation 5","OP","ST",2,"Grab Sample",0.36519493910374
"Irrigation 1","EC","ST",2,"Grab Sample",0.131707014881779
"Irrigation 2","EC","ST",2,"Grab Sample",0.160138092088299
"Irrigation 3","EC","ST",2,"Grab Sample",0.144872729966338
"Irrigation 4","EC","ST",2,"Grab Sample",0.15136359906872
"Irrigation 5","EC","ST",2,"Grab Sample",0.152201696935535
"Irrigation 1","TSS","ST",2,"Grab Sample",1102.88773947182
"Irrigation 2","TSS","ST",2,"Grab Sample",1196.07408442468
"Irrigation 3","TSS","ST",2,"Grab Sample",882.292759360694
"Irrigation 4","TSS","ST",2,"Grab Sample",1214.00957235478
"Irrigation 5","TSS","ST",2,"Grab Sample",790.885400783686
"Irrigation 1","TDS","ST",2,"Grab Sample",582.391059951514
"Irrigation 2","TDS","ST",2,"Grab Sample",518.821989924493
"Irrigation 3","TDS","ST",2,"Grab Sample",470.74706248868
"Irrigation 4","TDS","ST",2,"Grab Sample",368.684021991976
"Irrigation 5","TDS","ST",2,"Grab Sample",516.797118635366
"Irrigation 1","NO3","CT",1,"Hourly Grab",5.71716777864463
"Irrigation 2","NO3","CT",1,"Hourly Grab",7.56519468568425
"Irrigation 3","NO3","CT",1,"Hourly Grab",6.45519516393249
"Irrigation 4","NO3","CT",1,"Hourly Grab",7.75958339474098
"Irrigation 5","NO3","CT",1,"Hourly Grab",7.41672615080636
"Irrigation 1","NO2","CT",1,"Hourly Grab",0.11702344514948
"Irrigation 2","NO2","CT",1,"Hourly Grab",0.109242621374764
"Irrigation 3","NO2","CT",1,"Hourly Grab",0.0941949978593774
"Irrigation 4","NO2","CT",1,"Hourly Grab",0.0979307283528709
"Irrigation 5","NO2","CT",1,"Hourly Grab",0.0990807393487797
"Irrigation 1","TKN","CT",1,"Hourly Grab",-1.09242653841107
"Irrigation 2","TKN","CT",1,"Hourly Grab",11.2197064014898
"Irrigation 3","TKN","CT",1,"Hourly Grab",4.97577437088899
"Irrigation 4","TKN","CT",1,"Hourly Grab",4.02084320386329
"Irrigation 5","TKN","CT",1,"Hourly Grab",2.18791998796414
"Irrigation 1","pH","CT",1,"Hourly Grab",6.78973439710495
"Irrigation 2","pH","CT",1,"Hourly Grab",6.76854402106684
"Irrigation 3","pH","CT",1,"Hourly Grab",6.83211025595566
"Irrigation 4","pH","CT",1,"Hourly Grab",7.02867569224377
"Irrigation 5","pH","CT",1,"Hourly Grab",6.87061226527504
"Irrigation 1","TP","CT",1,"Hourly Grab",0.826905842682161
"Irrigation 2","TP","CT",1,"Hourly Grab",0.843892233481168
"Irrigation 3","TP","CT",1,"Hourly Grab",0.657614235055569
"Irrigation 4","TP","CT",1,"Hourly Grab",0.932246359753176
"Irrigation 5","TP","CT",1,"Hourly Grab",0.663562684053226
"Irrigation 1","OP","CT",1,"Hourly Grab",0.332617387249889
"Irrigation 2","OP","CT",1,"Hourly Grab",0.282164009786418
"Irrigation 3","OP","CT",1,"Hourly Grab",0.27908022252534
"Irrigation 4","OP","CT",1,"Hourly Grab",0.31616010513531
"Irrigation 5","OP","CT",1,"Hourly Grab",0.336911008201333
"Irrigation 1","EC","CT",1,"Hourly Grab",0.135137184723371
"Irrigation 2","EC","CT",1,"Hourly Grab",0.149373115531898
"Irrigation 3","EC","CT",1,"Hourly Grab",0.127859113103152
"Irrigation 4","EC","CT",1,"Hourly Grab",0.148355269876793
"Irrigation 5","EC","CT",1,"Hourly Grab",0.140845312924297
"Irrigation 1","TSS","CT",1,"Hourly Grab",1006.65545991175
"Irrigation 2","TSS","CT",1,"Hourly Grab",1023.04435243564
"Irrigation 3","TSS","CT",1,"Hourly Grab",783.123423222443
"Irrigation 4","TSS","CT",1,"Hourly Grab",987.470842120938
"Irrigation 5","TSS","CT",1,"Hourly Grab",954.541345052981
"Irrigation 1","TDS","CT",1,"Hourly Grab",302.940074189029
"Irrigation 2","TDS","CT",1,"Hourly Grab",439.416348840981
"Irrigation 3","TDS","CT",1,"Hourly Grab",437.36739016854
"Irrigation 4","TDS","CT",1,"Hourly Grab",534.187035769444
"Irrigation 5","TDS","CT",1,"Hourly Grab",437.274012061102
"Irrigation 1","NO3","MT",1,"Hourly Grab",7.90171714565396
"Irrigation 2","NO3","MT",1,"Hourly Grab",6.83922166316174
"Irrigation 3","NO3","MT",1,"Hourly Grab",5.84510065493355
"Irrigation 4","NO3","MT",1,"Hourly Grab",8.92186990150887
"Irrigation 5","NO3","MT",1,"Hourly Grab",7.9723092122526
"Irrigation 1","NO2","MT",1,"Hourly Grab",0.114789075278071
"Irrigation 2","NO2","MT",1,"Hourly Grab",0.0940664745651347
"Irrigation 3","NO2","MT",1,"Hourly Grab",0.0891985961397223
"Irrigation 4","NO2","MT",1,"Hourly Grab",0.101363358669367
"Irrigation 5","NO2","MT",1,"Hourly Grab",0.0977526165281164
"Irrigation 1","TKN","MT",1,"Hourly Grab",4.6514375188239
"Irrigation 2","TKN","MT",1,"Hourly Grab",6.28490873483374
"Irrigation 3","TKN","MT",1,"Hourly Grab",5.26151389116035
"Irrigation 4","TKN","MT",1,"Hourly Grab",1.4678285344625
"Irrigation 5","TKN","MT",1,"Hourly Grab",-1.25856032355999
"Irrigation 1","pH","MT",1,"Hourly Grab",6.84022255080239
"Irrigation 2","pH","MT",1,"Hourly Grab",6.97760425760029
"Irrigation 3","pH","MT",1,"Hourly Grab",6.85331991554606
"Irrigation 4","pH","MT",1,"Hourly Grab",6.96193639554896
"Irrigation 5","pH","MT",1,"Hourly Grab",6.83874254294376
"Irrigation 1","TP","MT",1,"Hourly Grab",0.610722517498101
"Irrigation 2","TP","MT",1,"Hourly Grab",0.775804043998212
"Irrigation 3","TP","MT",1,"Hourly Grab",1.00481956809457
"Irrigation 4","TP","MT",1,"Hourly Grab",0.843344015638075
"Irrigation 5","TP","MT",1,"Hourly Grab",0.806707940969728
"Irrigation 1","OP","MT",1,"Hourly Grab",0.266714356052603
"Irrigation 2","OP","MT",1,"Hourly Grab",0.341271028110783
"Irrigation 3","OP","MT",1,"Hourly Grab",0.255091263061045
"Irrigation 4","OP","MT",1,"Hourly Grab",0.254733862432272
"Irrigation 5","OP","MT",1,"Hourly Grab",0.32333845980045
"Irrigation 1","EC","MT",1,"Hourly Grab",0.150029024238986
"Irrigation 2","EC","MT",1,"Hourly Grab",0.144738411417694
"Irrigation 3","EC","MT",1,"Hourly Grab",0.162538753442548
"Irrigation 4","EC","MT",1,"Hourly Grab",0.15381579757911
"Irrigation 5","EC","MT",1,"Hourly Grab",0.134555059631069
"Irrigation 1","TSS","MT",1,"Hourly Grab",1070.45381777622
"Irrigation 2","TSS","MT",1,"Hourly Grab",1030.90135119306
"Irrigation 3","TSS","MT",1,"Hourly Grab",748.00504363339
"Irrigation 4","TSS","MT",1,"Hourly Grab",958.328549789872
"Irrigation 5","TSS","MT",1,"Hourly Grab",901.914900091336
"Irrigation 1","TDS","MT",1,"Hourly Grab",486.746743733149
"Irrigation 2","TDS","MT",1,"Hourly Grab",495.156499750641
"Irrigation 3","TDS","MT",1,"Hourly Grab",442.469623177543
"Irrigation 4","TDS","MT",1,"Hourly Grab",518.813360466458
"Irrigation 5","TDS","MT",1,"Hourly Grab",356.392344244059
"Irrigation 1","NO3","ST",1,"Hourly Grab",8.8171311156731
"Irrigation 2","NO3","ST",1,"Hourly Grab",7.8886188352874
"Irrigation 3","NO3","ST",1,"Hourly Grab",7.37950415142022
"Irrigation 4","NO3","ST",1,"Hourly Grab",6.61212642095539
"Irrigation 5","NO3","ST",1,"Hourly Grab",7.40614965447841
"Irrigation 1","NO2","ST",1,"Hourly Grab",0.0840908492999695
"Irrigation 2","NO2","ST",1,"Hourly Grab",0.079105285948777
"Irrigation 3","NO2","ST",1,"Hourly Grab",0.0889131260198124
"Irrigation 4","NO2","ST",1,"Hourly Grab",0.088481003233901
"Irrigation 5","NO2","ST",1,"Hourly Grab",0.102633351933821
"Irrigation 1","TKN","ST",1,"Hourly Grab",3.3503017160166
"Irrigation 2","TKN","ST",1,"Hourly Grab",6.29866984759449
"Irrigation 3","TKN","ST",1,"Hourly Grab",4.0093700284731
"Irrigation 4","TKN","ST",1,"Hourly Grab",4.96810740261187
"Irrigation 5","TKN","ST",1,"Hourly Grab",6.78626146722637
"Irrigation 1","pH","ST",1,"Hourly Grab",6.74912244981782
"Irrigation 2","pH","ST",1,"Hourly Grab",7.03367160839779
"Irrigation 3","pH","ST",1,"Hourly Grab",6.89778961644671
"Irrigation 4","pH","ST",1,"Hourly Grab",6.85492264929429
"Irrigation 5","pH","ST",1,"Hourly Grab",6.82246879519228
"Irrigation 1","TP","ST",1,"Hourly Grab",0.804105279396419
"Irrigation 2","TP","ST",1,"Hourly Grab",0.785013982490028
"Irrigation 3","TP","ST",1,"Hourly Grab",0.689208921500722
"Irrigation 4","TP","ST",1,"Hourly Grab",0.915923519902379
"Irrigation 5","TP","ST",1,"Hourly Grab",0.869514475174254
"Irrigation 1","OP","ST",1,"Hourly Grab",0.324609306848506
"Irrigation 2","OP","ST",1,"Hourly Grab",0.343969167710245
"Irrigation 3","OP","ST",1,"Hourly Grab",0.264516776539903
"Irrigation 4","OP","ST",1,"Hourly Grab",0.225506729758691
"Irrigation 5","OP","ST",1,"Hourly Grab",0.180516692012551
"Irrigation 1","EC","ST",1,"Hourly Grab",0.137933250768715
"Irrigation 2","EC","ST",1,"Hourly Grab",0.153890693474481
"Irrigation 3","EC","ST",1,"Hourly Grab",0.13945135741743
"Irrigation 4","EC","ST",1,"Hourly Grab",0.136551899232747
"Irrigation 5","EC","ST",1,"Hourly Grab",0.153148394078236
"Irrigation 1","TSS","ST",1,"Hourly Grab",881.844544089555
"Irrigation 2","TSS","ST",1,"Hourly Grab",1353.80730344237
"Irrigation 3","TSS","ST",1,"Hourly Grab",841.687362773069
"Irrigation 4","TSS","ST",1,"Hourly Grab",858.50091166243
"Irrigation 5","TSS","ST",1,"Hourly Grab",863.083287514159
"Irrigation 1","TDS","ST",1,"Hourly Grab",503.920472648551
"Irrigation 2","TDS","ST",1,"Hourly Grab",471.549029530621
"Irrigation 3","TDS","ST",1,"Hourly Grab",547.790212154198
"Irrigation 4","TDS","ST",1,"Hourly Grab",520.327849299882
"Irrigation 5","TDS","ST",1,"Hourly Grab",507.894634010687
"Irrigation 1","NO3","CT",2,"Hourly Grab",8.5859749895182
"Irrigation 2","NO3","CT",2,"Hourly Grab",8.91374595983647
"Irrigation 3","NO3","CT",2,"Hourly Grab",7.83934531867169
"Irrigation 4","NO3","CT",2,"Hourly Grab",7.13062049621731
"Irrigation 5","NO3","CT",2,"Hourly Grab",7.16739906568126
"Irrigation 1","NO2","CT",2,"Hourly Grab",0.108596981585805
"Irrigation 2","NO2","CT",2,"Hourly Grab",0.116771712248484
"Irrigation 3","NO2","CT",2,"Hourly Grab",0.0951515325667093
"Irrigation 4","NO2","CT",2,"Hourly Grab",0.0976879516305651
"Irrigation 5","NO2","CT",2,"Hourly Grab",0.107951914589266
"Irrigation 1","TKN","CT",2,"Hourly Grab",7.09486397920302
"Irrigation 2","TKN","CT",2,"Hourly Grab",3.07012172499472
"Irrigation 3","TKN","CT",2,"Hourly Grab",12.4707415917903
"Irrigation 4","TKN","CT",2,"Hourly Grab",5.54627313066572
"Irrigation 5","TKN","CT",2,"Hourly Grab",0.129320553572876
"Irrigation 1","pH","CT",2,"Hourly Grab",6.78459060955361
"Irrigation 2","pH","CT",2,"Hourly Grab",6.93555163317448
"Irrigation 3","pH","CT",2,"Hourly Grab",6.79472520818776
"Irrigation 4","pH","CT",2,"Hourly Grab",6.84325521259009
"Irrigation 5","pH","CT",2,"Hourly Grab",6.88712916364987
"Irrigation 1","TP","CT",2,"Hourly Grab",0.87708376596051
"Irrigation 2","TP","CT",2,"Hourly Grab",0.827361302436163
"Irrigation 3","TP","CT",2,"Hourly Grab",0.757101515783554
"Irrigation 4","TP","CT",2,"Hourly Grab",0.729886549621246
"Irrigation 5","TP","CT",2,"Hourly Grab",0.88651989698852
"Irrigation 1","OP","CT",2,"Hourly Grab",0.272614168982819
"Irrigation 2","OP","CT",2,"Hourly Grab",0.332869829869942
"Irrigation 3","OP","CT",2,"Hourly Grab",0.265730969583992
"Irrigation 4","OP","CT",2,"Hourly Grab",0.272572961401237
"Irrigation 5","OP","CT",2,"Hourly Grab",0.253061747254188
"Irrigation 1","EC","CT",2,"Hourly Grab",0.140867168685636
"Irrigation 2","EC","CT",2,"Hourly Grab",0.141257228193284
"Irrigation 3","EC","CT",2,"Hourly Grab",0.157628533992101
"Irrigation 4","EC","CT",2,"Hourly Grab",0.146766955614665
"Irrigation 5","EC","CT",2,"Hourly Grab",0.136098204600405
"Irrigation 1","TSS","CT",2,"Hourly Grab",773.775901509133
"Irrigation 2","TSS","CT",2,"Hourly Grab",850.095592289259
"Irrigation 3","TSS","CT",2,"Hourly Grab",819.530587489034
"Irrigation 4","TSS","CT",2,"Hourly Grab",1099.79422601193
"Irrigation 5","TSS","CT",2,"Hourly Grab",894.128373346742
"Irrigation 1","TDS","CT",2,"Hourly Grab",455.046892743179
"Irrigation 2","TDS","CT",2,"Hourly Grab",569.332070659479
"Irrigation 3","TDS","CT",2,"Hourly Grab",442.99191829325
"Irrigation 4","TDS","CT",2,"Hourly Grab",505.467860776964
"Irrigation 5","TDS","CT",2,"Hourly Grab",595.395794505664
"Irrigation 1","NO3","MT",2,"Hourly Grab",7.84939846871977
"Irrigation 2","NO3","MT",2,"Hourly Grab",8.59432569247875
"Irrigation 3","NO3","MT",2,"Hourly Grab",8.34079994195264
"Irrigation 4","NO3","MT",2,"Hourly Grab",6.89822011384287
"Irrigation 5","NO3","MT",2,"Hourly Grab",8.11642621857957
"Irrigation 1","NO2","MT",2,"Hourly Grab",0.101216633290999
"Irrigation 2","NO2","MT",2,"Hourly Grab",0.0863211283015897
"Irrigation 3","NO2","MT",2,"Hourly Grab",0.0847268264059735
"Irrigation 4","NO2","MT",2,"Hourly Grab",0.0818900742403398
"Irrigation 5","NO2","MT",2,"Hourly Grab",0.0799840447267497
"Irrigation 1","TKN","MT",2,"Hourly Grab",8.35321054739324
"Irrigation 2","TKN","MT",2,"Hourly Grab",7.04142943001236
"Irrigation 3","TKN","MT",2,"Hourly Grab",1.32337014861929
"Irrigation 4","TKN","MT",2,"Hourly Grab",4.04302744864359
"Irrigation 5","TKN","MT",2,"Hourly Grab",7.67037039344174
"Irrigation 1","pH","MT",2,"Hourly Grab",6.78317659065637
"Irrigation 2","pH","MT",2,"Hourly Grab",6.65541927991785
"Irrigation 3","pH","MT",2,"Hourly Grab",6.81113951531136
"Irrigation 4","pH","MT",2,"Hourly Grab",6.9004728234942
"Irrigation 5","pH","MT",2,"Hourly Grab",6.67650156780851
"Irrigation 1","TP","MT",2,"Hourly Grab",0.756184420724715
"Irrigation 2","TP","MT",2,"Hourly Grab",0.64221682693179
"Irrigation 3","TP","MT",2,"Hourly Grab",0.686158677284789
"Irrigation 4","TP","MT",2,"Hourly Grab",0.742722684868627
"Irrigation 5","TP","MT",2,"Hourly Grab",0.772152781781777
"Irrigation 1","OP","MT",2,"Hourly Grab",0.35281787403134
"Irrigation 2","OP","MT",2,"Hourly Grab",0.174864336493068
"Irrigation 3","OP","MT",2,"Hourly Grab",0.285030546328335
"Irrigation 4","OP","MT",2,"Hourly Grab",0.265784500427847
"Irrigation 5","OP","MT",2,"Hourly Grab",0.273184127530038
"Irrigation 1","EC","MT",2,"Hourly Grab",0.149658751609011
"Irrigation 2","EC","MT",2,"Hourly Grab",0.158536637216163
"Irrigation 3","EC","MT",2,"Hourly Grab",0.140528426443814
"Irrigation 4","EC","MT",2,"Hourly Grab",0.145206455110824
"Irrigation 5","EC","MT",2,"Hourly Grab",0.159672264401867
"Irrigation 1","TSS","MT",2,"Hourly Grab",1181.64804925782
"Irrigation 2","TSS","MT",2,"Hourly Grab",1088.7144296321
"Irrigation 3","TSS","MT",2,"Hourly Grab",991.877287464045
"Irrigation 4","TSS","MT",2,"Hourly Grab",887.108386484009
"Irrigation 5","TSS","MT",2,"Hourly Grab",973.532025333241
"Irrigation 1","TDS","MT",2,"Hourly Grab",550.157768937443
"Irrigation 2","TDS","MT",2,"Hourly Grab",548.918308659545
"Irrigation 3","TDS","MT",2,"Hourly Grab",462.313956137834
"Irrigation 4","TDS","MT",2,"Hourly Grab",443.593765952446
"Irrigation 5","TDS","MT",2,"Hourly Grab",614.14253599457
"Irrigation 1","NO3","ST",2,"Hourly Grab",6.79674961580769
"Irrigation 2","NO3","ST",2,"Hourly Grab",6.31587154212477
"Irrigation 3","NO3","ST",2,"Hourly Grab",8.6853509300243
"Irrigation 4","NO3","ST",2,"Hourly Grab",8.94662629348488
"Irrigation 5","NO3","ST",2,"Hourly Grab",8.52740611252069
"Irrigation 1","NO2","ST",2,"Hourly Grab",0.0955090352209994
"Irrigation 2","NO2","ST",2,"Hourly Grab",0.0828734278327515
"Irrigation 3","NO2","ST",2,"Hourly Grab",0.0950309228143287
"Irrigation 4","NO2","ST",2,"Hourly Grab",0.126244916198057
"Irrigation 5","NO2","ST",2,"Hourly Grab",0.0932703806725527
"Irrigation 1","TKN","ST",2,"Hourly Grab",3.72447387461951
"Irrigation 2","TKN","ST",2,"Hourly Grab",13.8348233807877
"Irrigation 3","TKN","ST",2,"Hourly Grab",-0.296947582019355
"Irrigation 4","TKN","ST",2,"Hourly Grab",2.68617004583323
"Irrigation 5","TKN","ST",2,"Hourly Grab",8.13766985088625
"Irrigation 1","pH","ST",2,"Hourly Grab",6.81096863509236
"Irrigation 2","pH","ST",2,"Hourly Grab",7.04792521091335
"Irrigation 3","pH","ST",2,"Hourly Grab",6.87461522414053
"Irrigation 4","pH","ST",2,"Hourly Grab",6.7853085871783
"Irrigation 5","pH","ST",2,"Hourly Grab",6.92940300836811
"Irrigation 1","TP","ST",2,"Hourly Grab",0.903554779008207
"Irrigation 2","TP","ST",2,"Hourly Grab",0.797549122342748
"Irrigation 3","TP","ST",2,"Hourly Grab",0.754913461771378
"Irrigation 4","TP","ST",2,"Hourly Grab",0.771009119204134
"Irrigation 5","TP","ST",2,"Hourly Grab",0.702281980867688
"Irrigation 1","OP","ST",2,"Hourly Grab",0.29112818554811
"Irrigation 2","OP","ST",2,"Hourly Grab",0.298910487904546
"Irrigation 3","OP","ST",2,"Hourly Grab",0.322832773673174
"Irrigation 4","OP","ST",2,"Hourly Grab",0.303797954252542
"Irrigation 5","OP","ST",2,"Hourly Grab",0.325731436581729
"Irrigation 1","EC","ST",2,"Hourly Grab",0.166325521906065
"Irrigation 2","EC","ST",2,"Hourly Grab",0.1444303050289
"Irrigation 3","EC","ST",2,"Hourly Grab",0.154425718129112
"Irrigation 4","EC","ST",2,"Hourly Grab",0.170677883670762
"Irrigation 5","EC","ST",2,"Hourly Grab",0.165635287620333
"Irrigation 1","TSS","ST",2,"Hourly Grab",1057.53138930883
"Irrigation 2","TSS","ST",2,"Hourly Grab",1235.8028630433
"Irrigation 3","TSS","ST",2,"Hourly Grab",952.605500128195
"Irrigation 4","TSS","ST",2,"Hourly Grab",1001.51227300861
"Irrigation 5","TSS","ST",2,"Hourly Grab",609.8777711121
"Irrigation 1","TDS","ST",2,"Hourly Grab",557.777206413947
"Irrigation 2","TDS","ST",2,"Hourly Grab",538.664339840686
"Irrigation 3","TDS","ST",2,"Hourly Grab",507.943952404234
"Irrigation 4","TDS","ST",2,"Hourly Grab",506.607602490123
"Irrigation 5","TDS","ST",2,"Hourly Grab",444.322990874565
"Irrigation 1","NO3","CT",1,"ISCO",7.0294850883545
"Irrigation 2","NO3","CT",1,"ISCO",5.28239242482799
"Irrigation 3","NO3","CT",1,"ISCO",6.01231188812326
"Irrigation 4","NO3","CT",1,"ISCO",6.3362053477167
"Irrigation 5","NO3","CT",1,"ISCO",7.23955775685303
"Irrigation 1","NO2","CT",1,"ISCO",0.0890929122454321
"Irrigation 2","NO2","CT",1,"ISCO",0.0904552381261045
"Irrigation 3","NO2","CT",1,"ISCO",0.0821594943600587
"Irrigation 4","NO2","CT",1,"ISCO",0.105768390865419
"Irrigation 5","NO2","CT",1,"ISCO",0.0934960701158536
"Irrigation 1","TKN","CT",1,"ISCO",11.4806745011053
"Irrigation 2","TKN","CT",1,"ISCO",5.38778662140932
"Irrigation 3","TKN","CT",1,"ISCO",-0.484159480896754
"Irrigation 4","TKN","CT",1,"ISCO",7.11129519961995
"Irrigation 5","TKN","CT",1,"ISCO",7.68221682501301
"Irrigation 1","pH","CT",1,"ISCO",6.18666051867451
"Irrigation 2","pH","CT",1,"ISCO",6.25277490786022
"Irrigation 3","pH","CT",1,"ISCO",6.3678727076978
"Irrigation 4","pH","CT",1,"ISCO",6.58732631945671
"Irrigation 5","pH","CT",1,"ISCO",6.25786678226504
"Irrigation 1","TP","CT",1,"ISCO",0.642321822218717
"Irrigation 2","TP","CT",1,"ISCO",0.690198523369221
"Irrigation 3","TP","CT",1,"ISCO",0.765985437859862
"Irrigation 4","TP","CT",1,"ISCO",0.671285327440773
"Irrigation 5","TP","CT",1,"ISCO",0.803490750033404
"Irrigation 1","OP","CT",1,"ISCO",0.263772800266438
"Irrigation 2","OP","CT",1,"ISCO",0.28378916608183
"Irrigation 3","OP","CT",1,"ISCO",0.290210075614543
"Irrigation 4","OP","CT",1,"ISCO",0.264303278052725
"Irrigation 5","OP","CT",1,"ISCO",0.35216306187275
"Irrigation 1","EC","CT",1,"ISCO",0.141109093978555
"Irrigation 2","EC","CT",1,"ISCO",0.149721061394625
"Irrigation 3","EC","CT",1,"ISCO",0.162256354563249
"Irrigation 4","EC","CT",1,"ISCO",0.138239233638548
"Irrigation 5","EC","CT",1,"ISCO",0.142848666148569
"Irrigation 1","TSS","CT",1,"ISCO",800.339381508415
"Irrigation 2","TSS","CT",1,"ISCO",753.501354964385
"Irrigation 3","TSS","CT",1,"ISCO",573.329843013451
"Irrigation 4","TSS","CT",1,"ISCO",1122.82939677435
"Irrigation 5","TSS","CT",1,"ISCO",1014.02778562486
"Irrigation 1","TDS","CT",1,"ISCO",504.074399177278
"Irrigation 2","TDS","CT",1,"ISCO",430.843973378222
"Irrigation 3","TDS","CT",1,"ISCO",412.585466805184
"Irrigation 4","TDS","CT",1,"ISCO",425.59010179547
"Irrigation 5","TDS","CT",1,"ISCO",519.986640781693
"Irrigation 1","NO3","MT",1,"ISCO",6.95644949765121
"Irrigation 2","NO3","MT",1,"ISCO",5.99021642278964
"Irrigation 3","NO3","MT",1,"ISCO",6.92090179897821
"Irrigation 4","NO3","MT",1,"ISCO",7.36986905906977
"Irrigation 5","NO3","MT",1,"ISCO",5.61338837428986
"Irrigation 1","NO2","MT",1,"ISCO",0.10124089000983
"Irrigation 2","NO2","MT",1,"ISCO",0.090212295674898
"Irrigation 3","NO2","MT",1,"ISCO",0.0768728551886843
"Irrigation 4","NO2","MT",1,"ISCO",0.100544825367151
"Irrigation 5","NO2","MT",1,"ISCO",0.0828339336073015
"Irrigation 1","TKN","MT",1,"ISCO",11.3684764329158
"Irrigation 2","TKN","MT",1,"ISCO",4.57288849973237
"Irrigation 3","TKN","MT",1,"ISCO",1.32452604409981
"Irrigation 4","TKN","MT",1,"ISCO",6.13119765953886
"Irrigation 5","TKN","MT",1,"ISCO",1.68285979627792
"Irrigation 1","pH","MT",1,"ISCO",6.19445898643345
"Irrigation 2","pH","MT",1,"ISCO",6.22181239705783
"Irrigation 3","pH","MT",1,"ISCO",6.413405568381
"Irrigation 4","pH","MT",1,"ISCO",6.28964929011147
"Irrigation 5","pH","MT",1,"ISCO",6.28107054587924
"Irrigation 1","TP","MT",1,"ISCO",0.609482297337994
"Irrigation 2","TP","MT",1,"ISCO",0.774353677357296
"Irrigation 3","TP","MT",1,"ISCO",0.809497818094192
"Irrigation 4","TP","MT",1,"ISCO",0.802515282687525
"Irrigation 5","TP","MT",1,"ISCO",0.838207355550299
"Irrigation 1","OP","MT",1,"ISCO",0.395595641654432
"Irrigation 2","OP","MT",1,"ISCO",0.321970131671032
"Irrigation 3","OP","MT",1,"ISCO",0.191109432059475
"Irrigation 4","OP","MT",1,"ISCO",0.25049210573221
"Irrigation 5","OP","MT",1,"ISCO",0.265404120133377
"Irrigation 1","EC","MT",1,"ISCO",0.140091044464415
"Irrigation 2","EC","MT",1,"ISCO",0.15112689982679
"Irrigation 3","EC","MT",1,"ISCO",0.146376141798462
"Irrigation 4","EC","MT",1,"ISCO",0.127980789656404
"Irrigation 5","EC","MT",1,"ISCO",0.147326804576468
"Irrigation 1","TSS","MT",1,"ISCO",877.663490760972
"Irrigation 2","TSS","MT",1,"ISCO",1181.13606090894
"Irrigation 3","TSS","MT",1,"ISCO",454.732137566678
"Irrigation 4","TSS","MT",1,"ISCO",986.555440251418
"Irrigation 5","TSS","MT",1,"ISCO",919.814737631596
"Irrigation 1","TDS","MT",1,"ISCO",419.333847063358
"Irrigation 2","TDS","MT",1,"ISCO",500.503395215371
"Irrigation 3","TDS","MT",1,"ISCO",474.743428365551
"Irrigation 4","TDS","MT",1,"ISCO",319.700398644188
"Irrigation 5","TDS","MT",1,"ISCO",431.937572230392
"Irrigation 1","NO3","ST",1,"ISCO",8.47909103359761
"Irrigation 2","NO3","ST",1,"ISCO",7.96816858158065
"Irrigation 3","NO3","ST",1,"ISCO",6.84660357156482
"Irrigation 4","NO3","ST",1,"ISCO",9.05188577442983
"Irrigation 5","NO3","ST",1,"ISCO",7.24666156593383
"Irrigation 1","NO2","ST",1,"ISCO",0.0776647567846846
"Irrigation 2","NO2","ST",1,"ISCO",0.0954996887046069
"Irrigation 3","NO2","ST",1,"ISCO",0.0944681705977301
"Irrigation 4","NO2","ST",1,"ISCO",0.091088755849301
"Irrigation 5","NO2","ST",1,"ISCO",0.0929162421351011
"Irrigation 1","TKN","ST",1,"ISCO",4.34352265461895
"Irrigation 2","TKN","ST",1,"ISCO",7.12709463443472
"Irrigation 3","TKN","ST",1,"ISCO",0.980820988148876
"Irrigation 4","TKN","ST",1,"ISCO",-1.43396470956392
"Irrigation 5","TKN","ST",1,"ISCO",4.54232503618462
"Irrigation 1","pH","ST",1,"ISCO",6.29027994260509
"Irrigation 2","pH","ST",1,"ISCO",6.2583468451885
"Irrigation 3","pH","ST",1,"ISCO",6.40290488071436
"Irrigation 4","pH","ST",1,"ISCO",6.35764561550696
"Irrigation 5","pH","ST",1,"ISCO",6.12058927939821
"Irrigation 1","TP","ST",1,"ISCO",0.773541257778749
"Irrigation 2","TP","ST",1,"ISCO",0.723568377443516
"Irrigation 3","TP","ST",1,"ISCO",0.628933295184935
"Irrigation 4","TP","ST",1,"ISCO",0.84121543263107
"Irrigation 5","TP","ST",1,"ISCO",0.564717243193812
"Irrigation 1","OP","ST",1,"ISCO",0.346226695772717
"Irrigation 2","OP","ST",1,"ISCO",0.358281336587642
"Irrigation 3","OP","ST",1,"ISCO",0.299907761940451
"Irrigation 4","OP","ST",1,"ISCO",0.229597250761694
"Irrigation 5","OP","ST",1,"ISCO",0.320653167583561
"Irrigation 1","EC","ST",1,"ISCO",0.121800487317544
"Irrigation 2","EC","ST",1,"ISCO",0.144760799262928
"Irrigation 3","EC","ST",1,"ISCO",0.140170270336265
"Irrigation 4","EC","ST",1,"ISCO",0.139227306083436
"Irrigation 5","EC","ST",1,"ISCO",0.134115219416035
"Irrigation 1","TSS","ST",1,"ISCO",1100.79265443647
"Irrigation 2","TSS","ST",1,"ISCO",952.302876489628
"Irrigation 3","TSS","ST",1,"ISCO",693.790650261503
"Irrigation 4","TSS","ST",1,"ISCO",1001.5114964023
"Irrigation 5","TSS","ST",1,"ISCO",1122.88851416992
"Irrigation 1","TDS","ST",1,"ISCO",478.629015010142
"Irrigation 2","TDS","ST",1,"ISCO",501.223301829447
"Irrigation 3","TDS","ST",1,"ISCO",497.700202680586
"Irrigation 4","TDS","ST",1,"ISCO",438.69455278476
"Irrigation 5","TDS","ST",1,"ISCO",432.005310952874
"Irrigation 1","NO3","CT",2,"ISCO",7.75148090978779
"Irrigation 2","NO3","CT",2,"ISCO",6.16370174416785
"Irrigation 3","NO3","CT",2,"ISCO",6.90619892655553
"Irrigation 4","NO3","CT",2,"ISCO",7.29049324573617
"Irrigation 5","NO3","CT",2,"ISCO",5.82441209954615
"Irrigation 1","NO2","CT",2,"ISCO",0.0927592271005604
"Irrigation 2","NO2","CT",2,"ISCO",0.102000176348087
"Irrigation 3","NO2","CT",2,"ISCO",0.0979722645466481
"Irrigation 4","NO2","CT",2,"ISCO",0.097631105635917
"Irrigation 5","NO2","CT",2,"ISCO",0.0907026227029981
"Irrigation 1","TKN","CT",2,"ISCO",6.9272128142608
"Irrigation 2","TKN","CT",2,"ISCO",-1.1947309747185
"Irrigation 3","TKN","CT",2,"ISCO",-1.86950638991032
"Irrigation 4","TKN","CT",2,"ISCO",4.41149285500344
"Irrigation 5","TKN","CT",2,"ISCO",6.80989681534401
"Irrigation 1","pH","CT",2,"ISCO",6.34654288271728
"Irrigation 2","pH","CT",2,"ISCO",6.35227385954482
"Irrigation 3","pH","CT",2,"ISCO",6.23769730633456
"Irrigation 4","pH","CT",2,"ISCO",6.2859309570807
"Irrigation 5","pH","CT",2,"ISCO",6.27600057695358
"Irrigation 1","TP","CT",2,"ISCO",0.531501520004044
"Irrigation 2","TP","CT",2,"ISCO",0.745621787460044
"Irrigation 3","TP","CT",2,"ISCO",0.616933243451528
"Irrigation 4","TP","CT",2,"ISCO",0.79699101762624
"Irrigation 5","TP","CT",2,"ISCO",0.551689749982606
"Irrigation 1","OP","CT",2,"ISCO",0.278754115943398
"Irrigation 2","OP","CT",2,"ISCO",0.277753839940626
"Irrigation 3","OP","CT",2,"ISCO",0.150648165235558
"Irrigation 4","OP","CT",2,"ISCO",0.222603358899315
"Irrigation 5","OP","CT",2,"ISCO",0.210971433646019
"Irrigation 1","EC","CT",2,"ISCO",0.12920341299206
"Irrigation 2","EC","CT",2,"ISCO",0.127133334753355
"Irrigation 3","EC","CT",2,"ISCO",0.145458246132915
"Irrigation 4","EC","CT",2,"ISCO",0.145486373137456
"Irrigation 5","EC","CT",2,"ISCO",0.148508486919316
"Irrigation 1","TSS","CT",2,"ISCO",951.332553214629
"Irrigation 2","TSS","CT",2,"ISCO",620.338977053617
"Irrigation 3","TSS","CT",2,"ISCO",698.422243444145
"Irrigation 4","TSS","CT",2,"ISCO",777.847925338099
"Irrigation 5","TSS","CT",2,"ISCO",800.036866354465
"Irrigation 1","TDS","CT",2,"ISCO",408.684489069872
"Irrigation 2","TDS","CT",2,"ISCO",474.652432239991
"Irrigation 3","TDS","CT",2,"ISCO",367.960880343916
"Irrigation 4","TDS","CT",2,"ISCO",406.011385876637
"Irrigation 5","TDS","CT",2,"ISCO",495.160724938785
"Irrigation 1","NO3","MT",2,"ISCO",7.82419775458958
"Irrigation 2","NO3","MT",2,"ISCO",6.94180847615648
"Irrigation 3","NO3","MT",2,"ISCO",7.33682589390257
"Irrigation 4","NO3","MT",2,"ISCO",7.17228467683209
"Irrigation 5","NO3","MT",2,"ISCO",6.49237577562053
"Irrigation 1","NO2","MT",2,"ISCO",0.105090684284416
"Irrigation 2","NO2","MT",2,"ISCO",0.105124201896016
"Irrigation 3","NO2","MT",2,"ISCO",0.0905058878560426
"Irrigation 4","NO2","MT",2,"ISCO",0.0801115683680563
"Irrigation 5","NO2","MT",2,"ISCO",0.0950548546710724
"Irrigation 1","TKN","MT",2,"ISCO",1.69911099688692
"Irrigation 2","TKN","MT",2,"ISCO",14.695837656911
"Irrigation 3","TKN","MT",2,"ISCO",7.25118098667991
"Irrigation 4","TKN","MT",2,"ISCO",7.97660851143225
"Irrigation 5","TKN","MT",2,"ISCO",11.8862458572722
"Irrigation 1","pH","MT",2,"ISCO",6.36894123263787
"Irrigation 2","pH","MT",2,"ISCO",6.21871987877833
"Irrigation 3","pH","MT",2,"ISCO",6.17920754451079
"Irrigation 4","pH","MT",2,"ISCO",6.27757149832083
"Irrigation 5","pH","MT",2,"ISCO",6.31947742323488
"Irrigation 1","TP","MT",2,"ISCO",0.619255638046068
"Irrigation 2","TP","MT",2,"ISCO",0.58227084261592
"Irrigation 3","TP","MT",2,"ISCO",0.760937672518991
"Irrigation 4","TP","MT",2,"ISCO",0.831503819336889
"Irrigation 5","TP","MT",2,"ISCO",0.801433507899314
"Irrigation 1","OP","MT",2,"ISCO",0.206999946407092
"Irrigation 2","OP","MT",2,"ISCO",0.286064585849209
"Irrigation 3","OP","MT",2,"ISCO",0.348827536906304
"Irrigation 4","OP","MT",2,"ISCO",0.294891516585423
"Irrigation 5","OP","MT",2,"ISCO",0.265096345659078
"Irrigation 1","EC","MT",2,"ISCO",0.132967161254236
"Irrigation 2","EC","MT",2,"ISCO",0.124470412031315
"Irrigation 3","EC","MT",2,"ISCO",0.139814304378024
"Irrigation 4","EC","MT",2,"ISCO",0.130956234926202
"Irrigation 5","EC","MT",2,"ISCO",0.129033324329468
"Irrigation 1","TSS","MT",2,"ISCO",779.349339716866
"Irrigation 2","TSS","MT",2,"ISCO",949.326715493549
"Irrigation 3","TSS","MT",2,"ISCO",991.053234093137
"Irrigation 4","TSS","MT",2,"ISCO",1006.78103409652
"Irrigation 5","TSS","MT",2,"ISCO",862.783143367503
"Irrigation 1","TDS","MT",2,"ISCO",447.023048054774
"Irrigation 2","TDS","MT",2,"ISCO",413.823226475885
"Irrigation 3","TDS","MT",2,"ISCO",326.778424897546
"Irrigation 4","TDS","MT",2,"ISCO",383.677899713783
"Irrigation 5","TDS","MT",2,"ISCO",452.074292125486
"Irrigation 1","NO3","ST",2,"ISCO",6.59510879413709
"Irrigation 2","NO3","ST",2,"ISCO",7.28643571520694
"Irrigation 3","NO3","ST",2,"ISCO",7.47643413018563
"Irrigation 4","NO3","ST",2,"ISCO",8.27004148687934
"Irrigation 5","NO3","ST",2,"ISCO",7.95848085653478
"Irrigation 1","NO2","ST",2,"ISCO",0.0983145530742027
"Irrigation 2","NO2","ST",2,"ISCO",0.0875014662684319
"Irrigation 3","NO2","ST",2,"ISCO",0.0974177336216524
"Irrigation 4","NO2","ST",2,"ISCO",0.0847890223394338
"Irrigation 5","NO2","ST",2,"ISCO",0.0961753564526246
"Irrigation 1","TKN","ST",2,"ISCO",4.59811766542769
"Irrigation 2","TKN","ST",2,"ISCO",5.27917043353028
"Irrigation 3","TKN","ST",2,"ISCO",-3.31083404721595
"Irrigation 4","TKN","ST",2,"ISCO",5.62911446800968
"Irrigation 5","TKN","ST",2,"ISCO",9.20960904790261
"Irrigation 1","pH","ST",2,"ISCO",6.19458486194822
"Irrigation 2","pH","ST",2,"ISCO",6.28005513775494
"Irrigation 3","pH","ST",2,"ISCO",6.21707929851804
"Irrigation 4","pH","ST",2,"ISCO",6.3635094716239
"Irrigation 5","pH","ST",2,"ISCO",6.22271091430383
"Irrigation 1","TP","ST",2,"ISCO",0.943731605359031
"Irrigation 2","TP","ST",2,"ISCO",0.703598993675748
"Irrigation 3","TP","ST",2,"ISCO",0.753056007942219
"Irrigation 4","TP","ST",2,"ISCO",0.607702839468294
"Irrigation 5","TP","ST",2,"ISCO",0.642223115893126
"Irrigation 1","OP","ST",2,"ISCO",0.283456849637586
"Irrigation 2","OP","ST",2,"ISCO",0.292162467361177
"Irrigation 3","OP","ST",2,"ISCO",0.214166854129079
"Irrigation 4","OP","ST",2,"ISCO",0.193473358896125
"Irrigation 5","OP","ST",2,"ISCO",0.287501124965858
"Irrigation 1","EC","ST",2,"ISCO",0.152261786662806
"Irrigation 2","EC","ST",2,"ISCO",0.125290662968222
"Irrigation 3","EC","ST",2,"ISCO",0.132591114864816
"Irrigation 4","EC","ST",2,"ISCO",0.125860904218608
"Irrigation 5","EC","ST",2,"ISCO",0.124470083191007
"Irrigation 1","TSS","ST",2,"ISCO",885.701188596854
"Irrigation 2","TSS","ST",2,"ISCO",915.442205723074
"Irrigation 3","TSS","ST",2,"ISCO",1038.67316694349
"Irrigation 4","TSS","ST",2,"ISCO",420.632720655594
"Irrigation 5","TSS","ST",2,"ISCO",1124.79946914129
"Irrigation 1","TDS","ST",2,"ISCO",479.727082922441
"Irrigation 2","TDS","ST",2,"ISCO",462.925300711491
"Irrigation 3","TDS","ST",2,"ISCO",400.681209553495
"Irrigation 4","TDS","ST",2,"ISCO",456.094620710993
"Irrigation 5","TDS","ST",2,"ISCO",424.922927894265
